"id","created_at","updated_at","deleted_at","proof_info","cex_asset_list_commitments","account_tree_roots","batch_commitment","batch_number"
1,"2025-07-11 05:54:16.489000000","2025-07-11 05:54:16.489000000",,Bcs58hPczfzXuWZuV3l6ypc9NHzjWZRV1V7KtuDkVmQeR7O4mOzq1uoM991xY1IGDMi7tF19GhRVPFBMfXHvDwBtJLKmJiy4Mtwbxp11UWLldeabsFOSKgf01U15MStEJEkFiI5ruyROmzq2LGckyb8F298xMc7Xvq1bHQhTRAgQi63vgp03T9F9PuTpqzWMxNpBuFDxV0hitv8mohEC+A9rg54/crlOI+gKWsrken5vRhFhLfsduAaHNgMCoUxeJIIvmiBJzNINrKzJGnaYN4n8PCOxBo45YbM4uTl+pvMvCKswFzthEzGr2duyxvG4v42zGMTp6igpn7suNZXcDg==,"[""G9/dXxOllSmTBcEYvUan7vOEbGzOmoD/pMJpVd2kxnI="",""G1U0Xa4QSzbKwY3LZHCB6EW8Pd4BiKgSH4LayZLJW9A=""]","[""ARiSWVTad9GkskH9Fj5Dc+ImXFFc+mCvf80oyMua1Yo="",""BDMmcG5IslaFQdyTp6Ck5Gt+JlZbj5tbzJIHOmTiSzM=""]",HeRRwytWgwbkiXVZ+GENFpiP+3tPmtLzVpw+drHLfpA=,0
2,"2025-07-11 05:55:39.428000000","2025-07-11 05:55:39.428000000",,IMHpnetiNNjkkT861Y0jhusqn76knEqFi37T1O2gW90Gb/p6gSGliP7hVhatKGYytbKW+jco+pdcIxr2H5mEfxgWetjNMNLoywqP/qDopQwB+vB5c19KUIxSSH6XqaiiG6+MWBLCSOvq9sr3WcTmn+IepzoYmmIS0belHSaB9igauSADI0q3b4x9F0h9ZqCuh6mdzLJ4H5K+//1cWjwMJQnAyVflP0lQ8a5PVIlhmNlDwx/6v6c99GlwnEU58gi9L7Su1jEusIgWiwDu9q8XEg3iPNSowyBPoIFEI3K2ne0gna5u6vzfOmRQbbOzOo3rUpZiq4wJ7X+PobwlGKD4Ig==,"[""G1U0Xa4QSzbKwY3LZHCB6EW8Pd4BiKgSH4LayZLJW9A="",""JwezIwx4wpDqjftV2O/02xGzp+KAEE/ES1comPhTByI=""]","[""BDMmcG5IslaFQdyTp6Ck5Gt+JlZbj5tbzJIHOmTiSzM="",""E468NM58VGK7byC6ZlGgD03jfIaYVjEA1o4UwpOEW/o=""]",AfCFSUq3aLsXJeMLoHkIvyeafewKIj4Or+InQ0eIww0=,1
3,"2025-07-11 05:57:02.409000000","2025-07-11 05:57:02.409000000",,LuAz26S/EIPnOaRmAKDCGUiLw1M9teEcTpOrRW+fKs4MKme1hnxJ5vIIeICvJTyc6b6/n1QVlVQrbJIGuZPjTAReaqbgDHSQr/0HGRPHaH/HjwHxlGM2thdi3+v+l5HiEXc2sD7etD+etIWQwRo0pmF1SnYJWwlYaEr4BqNIq98gUxOR2QLHJ0SJlMM5/Nvxf3Kqr5qXSnBXk/kyo6tSVgpAKvQBjhrhrceABV3fetxp74PW64MbKxbulK1HbdI2EMWPxQmOoeqRgn90s77sHx7Iyf61he9Nvx2Eg5C4DUkRQaV5vlWE5RPV+6wz9sLnHHoL/pHaOuZ/EQuN1Vdv7w==,"[""JwezIwx4wpDqjftV2O/02xGzp+KAEE/ES1comPhTByI="",""EAsOCltWVwD7iDr8LAGAoHn4Q816+m0FuyATEmrWGVk=""]","[""E468NM58VGK7byC6ZlGgD03jfIaYVjEA1o4UwpOEW/o="",""DUtQC9yqZGoA7vkRbWn/48MbvjWDP/rD0aeQG/CoXYo=""]",DWdQFvaX3myL1Lu/NoHXLLkczX9EF6I8My2TBUjz1Ts=,2
4,"2025-07-11 05:58:27.729000000","2025-07-11 05:58:27.729000000",,JrsEozwTdzC7GB3rkUpEZ+9nq21ieYl+Wgek7vmRlB4XCPd4ENAYKZjAabsc7+T1MFymmrstTQGjlpTBKc4ySRgBvW0bRD7R/dOhXJS1EvXL4xhmScZMkcLinMH5ktMyIdXePlvSc06H6b4qa8kd6CzfM6O2h/uKtIK1Flve8poYXO8b6goK6mBFC6ErCJQw/OdVkFR+oQzStmGHaYG9Tij8EE+HI8neqK0sYbbU2GGygl7ZRbvLRJDjwbXfsl5+Fre0ddaGtkOqf2K7kPx9VGlMaoKz66ClfOXTDQ5369oKSaVZYwzavTnE5AuboDKrIUi4lSupsqnakfXSMkXXsA==,"[""EAsOCltWVwD7iDr8LAGAoHn4Q816+m0FuyATEmrWGVk="",""Gu5tj1a1bLt37rxsmF5158EQ/MYpV9VHaCPjoM9Lo34=""]","[""DUtQC9yqZGoA7vkRbWn/48MbvjWDP/rD0aeQG/CoXYo="",""Gfg58lYt5fRAfe786bE+xfPwznaIR4Cg2IHis+HO2x8=""]",Am5kI7nxoH2jwJ5a/DuHhprbZiRykPA7e2uLRIzhy8w=,3
5,"2025-07-11 05:59:51.272000000","2025-07-11 05:59:51.272000000",,Kd1LotYVmEMtrr2Zb7ogPIpKBdTS2eLE580DV3y716cI51tLE0oHG488bI5emRLJmnCcFhhin7PpiCKv2KvUJAhmcFIv5XI8MCNh8xlm4ILO0oAPkbJjS3zyvrh86oZjHHYv0a/NnyAgMluqs3GbKwoRWs5qb6aRfoEJDl8Sfh8LuMXw7y6xbfYAY/5SBMt6cZluazX/pPNfvtmETBmT6ybLVgmLbU2xBiGo/64mp/BmjEltw6/x5LIjLE2daZ0fGQiPsXnjb0c6KzpdnZzKSYkkCjxH8PiyOIxbcv42slQPkJYJYG/+1HxzdMPZPGaXq9U+In8A0atKeuW1KVQvsg==,"[""Gu5tj1a1bLt37rxsmF5158EQ/MYpV9VHaCPjoM9Lo34="",""BWaO9JH8lQbMDxkCJaqpVswClstfU1/fUGf8xV8tr1s=""]","[""Gfg58lYt5fRAfe786bE+xfPwznaIR4Cg2IHis+HO2x8="",""BBkuL/mr/jfkkz/73pl5gQ+0VDeERnZiC3RZ5cRY8C8=""]",DaBFEhUZsx8+9yY/gye812dglEb5W6Swl9pfkdaUmOA=,4
6,"2025-07-11 06:01:16.846000000","2025-07-11 06:01:16.846000000",,CUk9vkfGHG2NvsM1yP/61bqzmUyQC9CHVV9nxm9U6f8Lzj49EA85qjyowx3kqM5jkLF7xSb9x9pJmo11+xRALgVP+lb2ugK8eZcuMJ7bf8V/1g3dua5JdA/HwGQ3+v3iDuXwy04uGD8CAaDxRKekHgG/C8IZys/U5CDl3wReM2Ev9IvLshMnUvSIFrOs6q2cgTX0F/xXNozWjyK1cG+caAKlORfqldA1CcG6s90JpPZeDY1Ti7km2i6K+HZa7MklHddtxm9St2+pLLPIbAiMNzooIqAKrH9QwwFNqR4nmnobrkmWc1aQTuXpretjbus9JChvhDemZCKylzKf2bcyFg==,"[""BWaO9JH8lQbMDxkCJaqpVswClstfU1/fUGf8xV8tr1s="",""KCfV355ygNYnoIn0fWTc4ZGalgWmn9NhNFYN9w9nre8=""]","[""BBkuL/mr/jfkkz/73pl5gQ+0VDeERnZiC3RZ5cRY8C8="",""DlF1gHc9exK2ffPXzz66dk4K81MmK0kqylp/PfxMGao=""]",JArYxTBnOg/10c8nekMFs+VY7VeK0KKNwneLvBcCdOY=,5
7,"2025-07-11 06:02:41.388000000","2025-07-11 06:02:41.388000000",,D+yPf1TOBQ95co4z6Kn9ETJkKcBW0i+CNWYjE0aQSJoVNR086OU/DnKlo71rLdXp2KWMoxhUUiKg0n+0E2vsrwv/HjcuHluvIVa4+AepL0zHAplE0HDRsEt06HUAp2CoL604/Q+JlABGYPe7nudmNJ8yFDm/mCktlb96w/iMECAay4/OMs+KXeNO++pOvHPH9bGwcRJOMnBrzI44mIXvYCBTsTxNwwduq/4ZZpOJ4lOv5+dN8INPkVg844kSDL70JRKCweuGCkwMQDYnL9ymNZ4LGx29iCcwHoAFyNNDVeki7t/lFBeJlWCdIQf96IR4wKQu/72zRZRtX+PLROCQKA==,"[""KCfV355ygNYnoIn0fWTc4ZGalgWmn9NhNFYN9w9nre8="",""LSr7k+6odWl3JFqtemhMSbsSSzQT1Z4B53e9BPgSYXQ=""]","[""DlF1gHc9exK2ffPXzz66dk4K81MmK0kqylp/PfxMGao="",""AI7nXpnRWBi2CPwr3npgt0GmhmZUxIyx0yhHsliq+8s=""]",Ht7UFbGSUV3ZV1ZMmv9KbeK47yUIlDTjvd6Wbx5Umio=,6
8,"2025-07-11 06:04:04.830000000","2025-07-11 06:04:04.830000000",,KxpQodWUetJH6KWCe7BinA5qRebBm3G3iXAkMy8wg+QLPUj/D+h1i3J0/FQapG0EXX+HQq2CYm6ZXueCKnakwyhfhuV4gRweSATYI1t1W4p56og7vfBEY+Z1V1uSPFhLCZaSw06AphkN+Z+SPZ+lEDMGg5EnUI57rZCBzlhaGowqO7uDp3NC3t9mJoJxcFah1LVaoDYUpf3glt11drFGnwHVxGldSa9nT417ocxhttsfBemWSI3PXcHriBONSsWpHnW2o78pF5DkczrBRRg23OxT5INi24ByvBSGmQBD+XcEZaUTsUzk/575gzxpxR+ZZFhnK2NFjnW9ghZtG/ULAA==,"[""LSr7k+6odWl3JFqtemhMSbsSSzQT1Z4B53e9BPgSYXQ="",""LFRSJ+EgTvluIjEjgn2vMdwOp261XTKo83840O+dERk=""]","[""AI7nXpnRWBi2CPwr3npgt0GmhmZUxIyx0yhHsliq+8s="",""AWTqCu93HvnqtddBr00jMiJcSHkadsLcC0tE1++aZkY=""]",DkqiEdeKHff6aN6j1kfnVInvIf5gIMubqp6pJeY4Y7Q=,7
9,"2025-07-11 06:05:30.832000000","2025-07-11 06:05:30.832000000",,I0m38un4+oTQa80Awc50EvShzGk2bEJNLycPTojfYwcYbbSM9FQnRlTjYVQxMhXjBOssilH23Yf/w/YbWSfBFxOWDp9j6fE9kSKP0G17e1muwRvvkzziypOC0r9ifwKPG4WELA4gyiP8ArchAEWZfZ2uiOSHDczj47PIEPzwbiEaWnP8Q2AziFr3TRNkW+Q+Q+iFB+QAxUcl1Kc4c6ghFQm46+ZfKdh0PbOiR3vg/WoiyhJRbxnvXdYc/7DBPC7UGGoDqvACqC1bB0hn0d0hgGY9lKGCkrpvlCDZCVMi3M8PvI0gOVA29KqG+sJ+FT5BX4El+YNNt9y4gjBEtF1dbg==,"[""LFRSJ+EgTvluIjEjgn2vMdwOp261XTKo83840O+dERk="",""AYyTnqwWzP/HvpIs+MmynDJEpLM5BCXbbSKD9+rTFWg=""]","[""AWTqCu93HvnqtddBr00jMiJcSHkadsLcC0tE1++aZkY="",""CAOkbZ7zdKspWUbVy5P4ecQVHEzj/EdEkWUmhAhZBOM=""]",Jvb0zPmlYUlb9ZnGpxcCQMbTfhaY+SOY6ItOP9XeUf8=,8
10,"2025-07-11 06:06:54.748000000","2025-07-11 06:06:54.748000000",,LcDUomGY8WHMXEGwmTczoVlNElAr10Szc3OFqpcPVOgiO3FO/MB45742OVsLbH7MepDe85Eo9TfIwbLkMVIiIiiiu4mi2m8XuIZZ5EyvjMSA74F8T4gQfz0QyWznom3VKhVDbnLZfntdDxaiXjSpEabtq0pzMCvfs0oBGnGIVzsehOBVJH5jbrjDf58Xz4RnOqtR5MCJwtCH4ZSj94pHAQsXwisknif0M4GYgSVst+hHydg1N4YtIwirrk4wxr3ZKkSyr6V2pwFC/UV9GUNfDH6S2o7/xP8Gw0mHJ17tIrcJ9pBMA6bUq2Mu4S98+LvNyK/zSY6Ls0q0bkAqjxhpcg==,"[""AYyTnqwWzP/HvpIs+MmynDJEpLM5BCXbbSKD9+rTFWg="",""MBkTXlBLoKw8tWDAUQX9Fkv9p1PKypnN96hZMMRsqSo=""]","[""CAOkbZ7zdKspWUbVy5P4ecQVHEzj/EdEkWUmhAhZBOM="",""JFqboNpyvIddkGaoXzMYisVpD+kZbTAWmbMHl6+jGxE=""]",BsjnlKY256F/UgFByqcgGBuVBYDH7c7s8yAHTocfJcI=,9
11,"2025-07-11 06:08:18.245000000","2025-07-11 06:08:18.245000000",,JXYGwWLonF+Kpcra0Sa+Kabil9zevJtBrbuvUtRF5/EXzGGzGPh8rPJr5FXBhIZEDVBqbaxNCQvMjPUCKS8VlhqAFMhu/dgg+7Z5P1UnV2MSLXi4FhXfJfTSWxqtK6TvIWCQpKejZIEX+D2Uajvbc7esrNyd2tTfuWhd55xWIJYEGR9b/2ZR2lX5fS7wDsod+mr7TrQmQttRAJwC2hG/KQ3MXFBLEgQ6mRi3V7pQfcZxZ/7ifWGpT419osBxsJ9JG61gZDu53FN6++CHlo7C/eJ1eJnBp6mO2wWBJyKU5EcaF9gye9kth5Ye4qRHd2fut7Qf5XJ7TqVo2rKIMCYlow==,"[""MBkTXlBLoKw8tWDAUQX9Fkv9p1PKypnN96hZMMRsqSo="",""JKnzax7E7kcqN7IcycBgHEAd2x8yRcEu83taqzHm5gc=""]","[""JFqboNpyvIddkGaoXzMYisVpD+kZbTAWmbMHl6+jGxE="",""EFy4w/u0DCP6Mw8O9XucCXox4EEwhGUbDIc+VjOl6XQ=""]",HlxJO+wPX8sQxibyb0jqNHtg60z92pD/hT+NCLSiFOg=,10
12,"2025-07-11 06:09:40.956000000","2025-07-11 06:09:40.956000000",,CLPbEOQdDdHioJXPqQyGZLlDD/fO0DnxuEW3i6XuS1kFdIsrfYMDaHzWeauCy1KDtp1ItCf7mXyHOX2ANxaD5iY//3oUv547p0ZZxHtrp9fWgqG5AvfLEA/X4x68/B22J9NPVbAcOkm/jIJp/vWp1KffMhyG2PgmBnrjdaYjeFAKGUk0tavCMBhFCGX5O+M56V6++CVrF3UtV5vjPnBA1iR6V/Pamr0/teaU0Lwi99++D+iJQyg+gqbdnVbg8Ej0LW10HksYCX9ewSYbjt9PoffBPLepFL8cTRX1H0ZasGwTXeK8ciOe8LvVQs2nXu435/B9VggMWrcsE6UsOCAdIQ==,"[""JKnzax7E7kcqN7IcycBgHEAd2x8yRcEu83taqzHm5gc="",""J45jJcqXe/Kn7/O2OcGd0u57slwbGbrhL9KPugclW60=""]","[""EFy4w/u0DCP6Mw8O9XucCXox4EEwhGUbDIc+VjOl6XQ="",""IpPkZ+4Er8Ldu19FSQ+GSOcoS55Yp6y0ErE7na7arzY=""]",ILRQC4DM5YHHP3Xngq8zZBZmO6Ppya/PCcWezfGUqi8=,11
13,"2025-07-11 06:11:04.079000000","2025-07-11 06:11:04.079000000",,LaeqBoyqGGFmEadTc9cYQqyRvwYzEkO/awiM7cWLZnISmTWh0l9fHaTRSlXrOcXgwHvsDE3Mc1lan2rwW+QSsSUDBTdmVc8qcevxEx4YN+1+VO3bTaZawRvr0Y94Rk8nB5HaPiUl0YQgm7IVcUtcSpjCZrIpoBuuECcIDjOJZEQF27wLm/+/G2SM5VmxDeR0qavQn9g4qhWVVZJWD/0srAq60dKwQdRNAonGdK0TaE9N7yytBGXlzV5qZKFsC0FEJKzRGWIR8U+VButNqvhlhvxUxOR515Hc/BCEt5TANUUVOV+gL9vbSQLwowg8sSlMa6dy1Q+nPeC3ywvEFgXGoA==,"[""J45jJcqXe/Kn7/O2OcGd0u57slwbGbrhL9KPugclW60="",""GTRErxlGPHtKe9lfaGmo/O30Regq4cNiG1uej3CcSww=""]","[""IpPkZ+4Er8Ldu19FSQ+GSOcoS55Yp6y0ErE7na7arzY="",""AvVyOkysIOaKnyO7v/Z/whgjfLYylTo/R9Eh333QxHc=""]",Hbm14Vwh42FLxxqqFrG1SqG9sLH7DQ1sI9j1P72NF7g=,12
14,"2025-07-11 06:12:29.031000000","2025-07-11 06:12:29.031000000",,MBnYL6ji9cBDscRICiA8Jr0+64Cf0MDpWjq1kRGAo4UBJgLgN4qA+gyVMXHfnPrvGuoaYWhNfUxkMHbZm3wa6S4LnvXzXyJ9Z0UVmJr+THCsiZkHA/l8Asq9Jf34v/uGJRC3mwYu6hzlPbIzV7Xqp1jiqBCyy5YDO5iPiB5qg6cb3gkHD5XMFqFuyKTcPAGA5RWQcl8/nQ6A2kEcJWw8xxdJa1F6yQ4XnmvlbCFpPsTu0aerPi4b48ZxPlvvIHwGBYcBW56UPR4OSr6xntrGbDS7aOen9i3uVQz1HTMvRy8sIP1GGoLQoPOS3ij3UAD+47NmKa1bnu0Y9k4FYjgsZQ==,"[""GTRErxlGPHtKe9lfaGmo/O30Regq4cNiG1uej3CcSww="",""Ec6PNMBPSye/v6HVzolUHFfX9vPjkVSQ7S6c2WNGTww=""]","[""AvVyOkysIOaKnyO7v/Z/whgjfLYylTo/R9Eh333QxHc="",""CSbKjy9RZv14OPX9hlH5AAGPGjHr1Fz+tZUO9jh2g/A=""]",IqyEtpL0uDM00fgJ/KM0cfTAbNQM9hj1GCvnUlOHfPs=,13
15,"2025-07-11 06:13:51.833000000","2025-07-11 06:13:51.833000000",,D4B7zI/4VTWbxdyzFW/mw8GaPSuVrexjCpKXWCO57XIcH67dB0TnucXc7VzhHKejXstwNegZw9YZrZZ8GZsLvhPFaSMe7ZcRiBghvZxp33tfebXdqoGad5aHk+QZU05rGo+6m7AvwxkrZ41iDtSC6zTCu9lJGc/1Zi3iv4+4p/otTOh/IZquGDdWPgaN61eEnhF7FUiil7QXAjdWUOFlwAx4Uyx0fdWrC5IOWh/rP2k0OtoMVdK8TDR44VxpJ4uqMFo2fRQ/YX6isCbXMZXJ+zEr4i+QSvtb/B+7Djv62ZoXRUseQLjj/GQk5e6mVhAp5m1upVYFsyOgF1vsioxLnA==,"[""Ec6PNMBPSye/v6HVzolUHFfX9vPjkVSQ7S6c2WNGTww="",""DQKevfaz9bidMojbkUOGiQs+uJPF+UzSJ+XZywbNMyw=""]","[""CSbKjy9RZv14OPX9hlH5AAGPGjHr1Fz+tZUO9jh2g/A="",""Jm/lgzPY5p9vVj0SFuq2y6iIUrqq9gXYKcMRxI2x9IA=""]",CgDn2tHsufriFnqWEEWa4K3JTANjA85F9NI0Gz0TVr8=,14
16,"2025-07-11 06:15:16.748000000","2025-07-11 06:15:16.748000000",,By/xCwQLtTt3DQVlzBZaaKS6hAuzh1qC+9hJf/nl9qwViSIX4v9JbDReZ6JpRzgJ8VfNcb6+hqMCYPKG9K+mMwZ4kakdlHmFXnwVaYIBnFKoRapnT1tNiYwpSiT9cBS7GH++eWr9V/SGHgEb/U2ycKg2cVU4K09Jl/VFNyk8FrwtoV3D7PwHoUaObK57mU3JgwRskparAGoSNP3h9KvNICWJ2GfsBI4Aax7qiwJI2fOPswonjHKi1b7qy2verPEMD83Zby+WFtxmo2ff2z5YZdUS2kpza+RwfQlJjJOcGQYvH5c6EzGz3T0+aqdx+wMQ6mO2l8mcsq3eUcS8dBBf5g==,"[""DQKevfaz9bidMojbkUOGiQs+uJPF+UzSJ+XZywbNMyw="",""BHMe5tdN0b+5z77AHJrOyUzKgbviYS/T93lsd91T1rY=""]","[""Jm/lgzPY5p9vVj0SFuq2y6iIUrqq9gXYKcMRxI2x9IA="",""Jlr6L53+igT1IFShxSq+e47iFSy2E+yXY7lntvB1Er8=""]",EWoQwI7m4ZFRrsnu1hmuv8f9ilS9b+Ksam4s/G0I6sQ=,15
17,"2025-07-11 06:16:39.542000000","2025-07-11 06:16:39.542000000",,FfSdQiYRSe2H6K+Jh2J0ZOBBqhkuRXlKUBSmpTJDO9YZqZgJ2evtTOFBcK4JcJbzpA14DE6vhhH+rH5M9Qlvlx82ZfkruUw41HPiQncSC1pA4ZjX7eMFQi5YiZA2XNyZI8Y1rJrK25b+Owv7JGFsve4NoFzmvZY/lFBzoAa6178AIxeBSbtkCXqyAvZp7kH2dX69naTyhaM30gtDlRf/bgDRe0IxfjYx+hjLOzcFAIMgcf8nhzKR8zY6gIiD0bzYEjt2p5ZNYUgLBdqk3eQJ8Lr8IcwPKnvA9OV5y84d1AslQuDD8rbxKvrP6uWuGGgUj0iMW+pY8qnGR2KUWiMXrQ==,"[""BHMe5tdN0b+5z77AHJrOyUzKgbviYS/T93lsd91T1rY="",""BCy39PD8LF6A4gYNFNvMCwFnnQlXyHEr+/PYrIJyaaA=""]","[""Jlr6L53+igT1IFShxSq+e47iFSy2E+yXY7lntvB1Er8="",""AqcHuBD40EgUn1iyfaF/zPYYe7xV5dnD+sPe6mbS9Ms=""]",LmnGswTnj6ZilxgAqfDGjicVacxEpaeMmmmb7giGmL0=,16
18,"2025-07-11 06:18:02.144000000","2025-07-11 06:18:02.144000000",,Gvpz1ZlPM1je1pSXQS/ITS/nq50/zYtR6JWcexlxXDwEyutR+POcOuMe2oZf6s/cxse5JVVx160zXaY7fJQ7ERGuVsFT3QoipOMusc9nDTXgn94ZNcyPeNEQgjbaHLGXISQCnhw3tkkAy8i10/WBr8evFh4TmctVDC8IcDNCSjsKuCp30mrypSjhLxeYKYNnAkkWsFXBqp8eM6OsEZzeyyJWXFx53kX5VmeW7cyzGyxDmsdfs+WAnsq0uy4mpJswGriu2OOzgGEBnpSdQztRUSzomAD2klaC+S2ESg/+iegGgJroxV3EKiyDWVoXtOqaGNavPEXQcMtD9CPls9XT2g==,"[""BCy39PD8LF6A4gYNFNvMCwFnnQlXyHEr+/PYrIJyaaA="",""LQSqCUGU4Xk2R8NN8pwtJmgX1tUnJNRUMKPyA69g21Y=""]","[""AqcHuBD40EgUn1iyfaF/zPYYe7xV5dnD+sPe6mbS9Ms="",""IVjWzvQZ7RKYvtK2vWLHgdhSK18C7Ud2ymfodBjgyE8=""]",FjL7iEc4NfuK8OBYPJQXZjGRefZlJOcXtz1kRc/MTLw=,17
19,"2025-07-11 06:19:25.628000000","2025-07-11 06:19:25.628000000",,Lus3AaafGKEJJmBrJ0N5dFS3kqpvsO0VSIT6C22tsycnBjz6x2FivHeyyOGv1vBg78N0efwR9sqNfUXkEJGvXwKo/WP0Itr5R3EUAqUSdzbqV54tPjv9UCryjHpemYhZLxZcyfCx/IS6BmgqybTeDyERlENgix1i1Uty3u+PAIYJ9VWPzZO9Ywe6z1cB759ZHHPyC06gH4uWdyT8Vlphky/c9bagAEpLojLy7oM0IY6bkWV+I1o1RM4Cg6/StsDUE3seGRTsv+9kst6drQB2Nm8svxpAAStsklAWWBWANKcmXCR8HsOBmKmFyCJztrLxsTILElrimFfQt8qHFPe5/A==,"[""LQSqCUGU4Xk2R8NN8pwtJmgX1tUnJNRUMKPyA69g21Y="",""ExW8T+qtD7kpKpyd0BwZG5MfO+YdFFovYn/IrBZ7Pw8=""]","[""IVjWzvQZ7RKYvtK2vWLHgdhSK18C7Ud2ymfodBjgyE8="",""BpIz+bFjbKKQh9Y8Mf5x30TE446gpVSZ17r1Gl2DUkQ=""]",HzWtSyI6zYKgYbPvX2KMAeu4efx+1ul/zZrf4qmPvFI=,18
20,"2025-07-11 06:20:47.015000000","2025-07-11 06:20:47.015000000",,D9uQjUCFnTev+HohozTDo5CVrrfCBlJRFXmpc0JCELgtvNFW6mHo/v1A+BYbVjQlptqUh1p8Kq4IQtd0/8KbPB+WKgM/UxgXyMNW83CoESYuAYcgE8scYpk1kCxc5dByMEldebmkVl31DKS2Co1v3mxcoZJhigEQtL1vTcDQTwwTt42NiaBpaD+vlz/hIz3nIinhXYQL/iVRQEDlHkSFfxKXQGDIDUf0xOWNrHDy8/SiAQiIx6FEHngwiqUrAqlpLGCe0DZMGVWHEaGAfimgM0hVA8e2lr7c+37Nz8LXi3Ad5tK5DEEHRgfEAuNX/94gdwv2CW9QV8BLqJ8VQDCYAA==,"[""ExW8T+qtD7kpKpyd0BwZG5MfO+YdFFovYn/IrBZ7Pw8="",""AzpDXidTRjxuQqYMh0KjreWGED7w1/qbmQqrf4/arIQ=""]","[""BpIz+bFjbKKQh9Y8Mf5x30TE446gpVSZ17r1Gl2DUkQ="",""A0RYK0szJZtw3KRVaWiIiwX3UF0OFcvGabUzSfaOY+0=""]",AqWp1ATIO8eL5SBPXxXM0ybHRq63Pfy4N9IFNioeYck=,19
21,"2025-07-11 06:22:10.016000000","2025-07-11 06:22:10.016000000",,Hwaq4djxaCz58qQsJoKQ6T23eNMI1RTLyFpYa6GpG2ENEIqv9SUe2bJqLuftywMOb+ZVbd5S104SxJG7qtTpGiVcakOl2AuwbrU6MHZD2SsJwvT8KHQdpyJ12VmBmirrLAfVhL+PZiY+2pDm23IbpiCURPfGEuSMejv+SatsEA4f5EhLhXMbxJfbjAJslvjpurE7YRCpktV7XbH3u8tHmhYfRQz7aAhHPvC7t9HDuYjdTYT8wuwb6vq5b2P8UNSrFw3IAS1xTuugJ7Hzh1+fgbOLAZ/IpgHn90GQQ+noDoMrhfJXLLXuywGaQZNte0VlWGGWMXM9sDBe5wXTJ/FChA==,"[""AzpDXidTRjxuQqYMh0KjreWGED7w1/qbmQqrf4/arIQ="",""LcWVaAmGNU1VqRobA0L1wHK9Dvdp3WjFdSXK9UY5P6U=""]","[""A0RYK0szJZtw3KRVaWiIiwX3UF0OFcvGabUzSfaOY+0="",""EfGRkirZNeo4aiTDBb5nlheWC7RmBzEwWE6mF5OetUM=""]",CdUb870mf7U/9vG68xRTYdnU6geSAzxP2lDQ22REloQ=,20
22,"2025-07-11 06:23:33.216000000","2025-07-11 06:23:33.216000000",,KbqK0w9kJtYITf/7C0PQL00jC0qh0i/4s1bg4t0qYrESncGC6VlCSv62EhITwBTwE/V7sFrkmdGNB4na+2pFqhSevo2Lyck1vw2TC58AWVDUFrQ5Tm0t6T4YroSa+OnLD5F2sg9l6ONKLpqc3TdA8xS0/ot2bMc5BKlog3d8Ezgb7SGLB9Xk7ihYY4Aovb4CSKL6ampt6bbnvk9K7DApUSUjqhIcc11shEOp7US7ZJUAKDOWu4HSHNCivAGX8odHJgAh6JP5lf7qM0WnbuKR3HNbkqn7IMKqClHPCMXKdQwmUcQK6FmKAQhx9cJPNVJL7bfENMNziRDcG1qJhRJcrg==,"[""LcWVaAmGNU1VqRobA0L1wHK9Dvdp3WjFdSXK9UY5P6U="",""KGujT3xr44QjzaGEAItT5s3sOLiEUwLmt3Hc5f+I9Wo=""]","[""EfGRkirZNeo4aiTDBb5nlheWC7RmBzEwWE6mF5OetUM="",""KrmMc2LtSXcnthz4tPWslfczDRdSEny5A4iyVlFE5ZQ=""]",IvAdtlvvFwx5pf7sPwnFmgrKJbd2ICVuwQXDNtpfuN4=,21
23,"2025-07-11 06:24:54.877000000","2025-07-11 06:24:54.877000000",,FGl9aG4Suck8CP2UgtaBPq97hi9AKoKeQcVaGikIDt4FAJjvJX48AX2Qzj4mQsxM1cHebMzKIonA5HZ1GZbOwwMjPW0n6MQhSRrVBihk/71SrUSOIL3ONXC8KO2HEvxwGoUqvOc2k0UbqdRwksrzZXGhqeYGDjRZp3Q06J4PQooe4Clt11pAWJJPCziQqfK7/5x66kwILJy5yAm/XfmmMh/UcnYryXrKGCavS3QzeIaSN3EBAsz6lIpcOOy7vr2aARMhWAqTUPtYyMrm3+L5nPzmliG9Lhh8P2kNP3AaVM8CxR2PevJ6POjPSHgeOAnI0PhL/CeISWWnP5z5xGWUYg==,"[""KGujT3xr44QjzaGEAItT5s3sOLiEUwLmt3Hc5f+I9Wo="",""I5WFSw6RB3BGvNq2CBeWOzG4jbrBOi+pKMF67UY7ATM=""]","[""KrmMc2LtSXcnthz4tPWslfczDRdSEny5A4iyVlFE5ZQ="",""LdBojNK8D3yQMK7k2Yd4vdpROVMZu9HSHyOxshuFryY=""]",JP6wiB15fICC0VSFSJHUWFerh7YyOatJmBxqGopBJSM=,22
24,"2025-07-11 06:26:18.908000000","2025-07-11 06:26:18.908000000",,BpJgCJnv49c3xpwrBAPUg7Yf9GRa8CmeGe4TgQ4rM40vdbhvM7j76VTjYwdCwVYHlobcEjx5LElkLEdoMbeSnhzNFvL9uBwPYm7dkOCnCVvljgReBUm+FldFQ4W7gVraE6GedWNU0GHhHxPHvlrXKxQ0j9myIlW4XhTBDpPxfk8YfUzkz+10QIXxNjtn8NmQpyBiLcqsc8Eval4Hp6sZXgq8ko9aEUnNNyYMqhvP5bh1/ZoYvcwaPEMsO+FNhOOEKfsqhwdDF0SL7gaNP6foyYucXMcsnoUevoa9QVOMAc4UqcQXdkjtENUG8lX16P4UxSx+kH1W0M2ENaPYm3+dEQ==,"[""I5WFSw6RB3BGvNq2CBeWOzG4jbrBOi+pKMF67UY7ATM="",""F6jp4zE/qJzlOYM+6gdb+YuQw8cPmhKps975h1T9Syw=""]","[""LdBojNK8D3yQMK7k2Yd4vdpROVMZu9HSHyOxshuFryY="",""C9dByxM2Gn6O2VGbSEU4vipHoPETKkFhWJm8LQR4njA=""]",CkuwBiR6SQifDUmpOuRtM3t5/LMQR3VsNN1bMcpe4YA=,23
25,"2025-07-11 06:27:42.965000000","2025-07-11 06:27:42.965000000",,FX3DKMrsj/jXhch6yfNNrQsxdUm36bStvIS4Qd7RM9MoCBPtahLSg2UJ4nuxNJbeaHwZST1A841pdrDocWsgFyNKeOZTyqcdWaTEBySS4+1L1hHpyQT5xeCGXCTSgy7LBgKrYCjEMoSiEHL9jHhHuleAK7gco0R6LgY2Hz4l4bgZquNCLwCoTpZRkfdnNoq1zTl3OmePFVcLty6ZL+UBTQD7HUhcNcNODJ3dlgmzb42LJnO6ZWIXJOUAYGYE6lAPGbTRWtrauPKzvUMBs8D89m3Q80syqdVai6qFnK2aeZgdx9fECC7En9qNiT5+mytbkPDtT7iA0KVb+V1v9D8i5Q==,"[""F6jp4zE/qJzlOYM+6gdb+YuQw8cPmhKps975h1T9Syw="",""IxAUdhVujdp7NudeuNyaTTe56stvUbWLRjl04tdE1AY=""]","[""C9dByxM2Gn6O2VGbSEU4vipHoPETKkFhWJm8LQR4njA="",""BumOTcN16yk3VgXiVe4PTCMbyr9sXnqLlN45f4vRxpQ=""]",GaaXMKamNkv0lxaXzvoIKkZjl33Prz8YzKVgRdCW2Jo=,24
26,"2025-07-11 06:29:07.416000000","2025-07-11 06:29:07.416000000",,E1Dq1Cr4OYeH9255cEm8BhKFtbvgNIqtFKYgIbUK66ov25xNZ5b7wkbfLMMVBma3FEhjFUSNJKr1HdbuFIi4qClqD75PtC9bEJQECSp87dad37ONUpdjU01nDwfpVPW6MCesMgRIyNbQAuAE4DfCd82Z0tKcwpAPqYemQOEpOAcA8vZKIc5cNUpoXAsNxyUV8nhPtFm1oMzStnidpZ1Q2S+wk7h79l+43twLDzBDVZIF3ASWlPuS7LpSfhDEj7xNDtBK9cEGnfmkpcWE0tDMdbpP96uLSSSs8JpJDYtyzx8uawdRLo4FNYo8/Q3V/3/zTV0d51XXOe7ZD1kbFNHfVA==,"[""IxAUdhVujdp7NudeuNyaTTe56stvUbWLRjl04tdE1AY="",""L36FwxwHqiFjbyFYoMoFQ5GPpz57m+RTgedp9C3lGY0=""]","[""BumOTcN16yk3VgXiVe4PTCMbyr9sXnqLlN45f4vRxpQ="",""DQI8UWFAJ3RxLsvgxXA5725+n8uWSQNAHcsPjplq6Ao=""]",FiMxMwajH8pROEivk4Xj0J3tY07N1k+gNkM3g3r49KA=,25
27,"2025-07-11 06:30:30.886000000","2025-07-11 06:30:30.886000000",,IvexvIPHUhMYA7QUlKcHeqqIG6KkvUDzk+hRCL7p1JEqwS9wc2A7E8JDRQeBIPL5K1J9lCAIRK1Z8cF2eem2fBgBjv22HIuefaT9oLMod+PgSOSt7kY2Z5Taybmg+Z1UBjBgsEaf7Gd6Sa+svkFwCPr3J9IDVInWLebXPaZXnWAahB1qKay9y08SulddpjupXw7VhwTbzTF4UY+fXeQFkxUWwHauCySeZKgz6oeA5Kmtc6MF/pjkPob1YN1KCpqEAtC45rvdo0decx6Eit4z/SFCrljp6xwNxJyH2LZN7SAvse+b8qZkgYXq2yLrEA7+3+HqJJkaxEBPdRhtnY7uCQ==,"[""L36FwxwHqiFjbyFYoMoFQ5GPpz57m+RTgedp9C3lGY0="",""JlQS8i1SsL/WsEiFAP3pCGM4Z84hlVLsmBtpuu4jgHs=""]","[""DQI8UWFAJ3RxLsvgxXA5725+n8uWSQNAHcsPjplq6Ao="",""Lscayxpa2zO5pWnx2DkeK5mfqvTeJzg52/uz7nz6JMs=""]",BTs76rh4WZ+Vm84wdviY76994e7ulqdqECYcySpZE7s=,26
28,"2025-07-11 06:31:53.679000000","2025-07-11 06:31:53.679000000",,HxHb1dr7Jp098XmwVBY2L6XZYuWRzlCHKtIpk2OGASwZLjajGDdG53vy8BoEc/4xx812JXzs34zTskdj2HmMjicrV0BBlOgTK3+cpp6c9JpHrLr3cKY+WvjhWGAVHAbhKB5HDhq2LAvhlHuGrgM5fpLNnOwdE2RyDdtMoS8q7FIUBoLnkWP+PhBfTXuGVhG8+rwG4atLeocunI42TZhgGCJTpnSuqo1366f57PF6kjCt39xC/r5CFJu3412xnvh+LbgoVbh/v8Xd6LknAnAjP+qIE84XsXcL/f6VHy4EZ6MNqOp6YXnyH8/GtrFu/gS5wPht+DfMdMOdMbBht+FgsQ==,"[""JlQS8i1SsL/WsEiFAP3pCGM4Z84hlVLsmBtpuu4jgHs="",""FUdCl+iGfE9N0jZcsBVPTWQCZ0KK7VZaBsffTVc1DZo=""]","[""Lscayxpa2zO5pWnx2DkeK5mfqvTeJzg52/uz7nz6JMs="",""IBJ5hyJ5w6TmSzNFZXNO/dGdC9fxylVBczeCt7F1wNs=""]",LDgMTHqpELNAmzUBRY61/Dyrw/9W4xDMPQ3P1acwGU4=,27
29,"2025-07-11 06:33:16.746000000","2025-07-11 06:33:16.746000000",,L6oVA/CNms629rDRSxEBwhGIsZtUBWXAyqfi55hN2+QTFLQmbkstVVHoJizo2RKZlACVHgB16qOViMaxYbqHIi9f0/W7LVvX77izmM9MZzLvASGgFDsMZwXpyhOAb4DdACXa6fnH6r1SO3RXb1LOvLOyTAh0IaxYvBEacZ6mB1IPfIRin4/zJIOAYwK5CKxbP9DPKfX0ASCkgZud9cR0nA8qLicKIyxw745p7b5XWdW6MEtz7thN0KTyXYmnsbAzG1vJhRRDvu304smumSgx1kwk6h1/v7eZmPle6ps5wEgN1IYejkRtoA0wDclyCVxzdeT1W6eQEREm7HM7/DAmFw==,"[""FUdCl+iGfE9N0jZcsBVPTWQCZ0KK7VZaBsffTVc1DZo="",""Ev0C7cTQ3ZIL0cDvw0Sa83ysCXS5ZY2SjxP0rdQUDpo=""]","[""IBJ5hyJ5w6TmSzNFZXNO/dGdC9fxylVBczeCt7F1wNs="",""Ka+FwCP8ufN9K3oqKqY1pGJ2jako5Xg3eEOrOj5Q9do=""]",AxtYJVAohbguXIc8b+SByXXEV4lq9fyHmyQLLO/wYtg=,28
30,"2025-07-11 06:34:39.497000000","2025-07-11 06:34:39.497000000",,E1UBjJTuvJ0ll26w6xXVXp/p9Wvk+VWnB8FCBFJlU0UIpohefUHbtgLZfx36LlM6DtJgt3sYe081h0+FmzD++QOfhELUOCQuNCpbIvQqJwVwaQp8u7Myg1vcz+4Bqw/mJyqVAjm7unISBo3e/A0vn+epltuucvI6mc074oBdt7Qdty4woDeWvjimV/PXd9AJ4Ls2lEmDiidOLWHrK6CFCxLJzZUt9NwFX1UtYPBDXDZj2kfQa48AyUsDhvi0BQaPItXK0+0bTWdVTNDsDLF924sgBks8QkwjNcztcnZhAyUCc+d1w+Dj+Npmt4Af6B4/QACUvmxCKE6EQ17/5bl6Cw==,"[""Ev0C7cTQ3ZIL0cDvw0Sa83ysCXS5ZY2SjxP0rdQUDpo="",""JSwwNZt+8q1rt3GflIqdvUv8kGk6V4+Bh6ZehdoXDko=""]","[""Ka+FwCP8ufN9K3oqKqY1pGJ2jako5Xg3eEOrOj5Q9do="",""LEL2N90M2p7WZgDd0uGzCyJjjGcrKMwO742FqcDKEGU=""]",CfXa+4zSG7o5E+99yPx1pAYDDiw/EONPM3kPCRtGrRw=,29
31,"2025-07-11 06:36:02.374000000","2025-07-11 06:36:02.374000000",,JGrEIahxpnADoaEC4KGAvM8QxcDnyE4OrZ/8Hc7nNUUkDnEgNhdPJ/TIJOSaJHB2U1elTXFAv1dXg7JhANTPQxRk16lNcfylzcX0O8G5At8i/ji3R+e7mnzdZfVw4jCUGFLDvVr+pQeiQd4doJiQWBd6S+XM4TgoIHwYMqEq2t0ArlkI2vAuYneh1qiONDScGp7zAqu1ur6yKiAHjGQOyRGQbjBaOqvElHq9BfE6jb8UmShgCkpmIJciNQRlCYxcJRFFN3pjJbxB42t3F/En8R8h671ZxwY63LTemFd/Wygfm20Mx0fNhdQZ8liScIapI2tiGavbHuvkvJ8TrBvByw==,"[""JSwwNZt+8q1rt3GflIqdvUv8kGk6V4+Bh6ZehdoXDko="",""Kqj/rNTyNnCy2+rsjfdEp0hiuGeCOfMScZZhVIdog7U=""]","[""LEL2N90M2p7WZgDd0uGzCyJjjGcrKMwO742FqcDKEGU="",""EcDHbDcGFvrAZuWvrdAHq/tYyG2lqB6Jtps6ZnhHDTY=""]",LXXT2ALXFmBrzpYUnN8aAAdY1JXcAdfVsUZrWQjaKi4=,30
32,"2025-07-11 06:37:26.067000000","2025-07-11 06:37:26.067000000",,BzsSOSj27VgKjiup6v2XYJF8Cl3m2r26TJeOtPB5TcYdGBrsjodi3Ufm2o57Z3aDa065ET/WEFuD11iIfaU0uANX9gp38t32O93/2AOc1TOfFhqyy014N9QwG7bLuqm+DzrLPpldXLF+Qw15vkejfOkI3w559Oet2IG7gq4BapkGXP72ERho/CzPKrkan06JQGs7jAl9Bw72fe0YmGRfTSH1yXrri7x+vcaiZNk589B28YkOjuPDDvkOMyUh0ms9Kr9Hwm1I0YU4s8ie3Z6/iDB29XwN3eahOkUXBB0J8BAbIbtZpS5GIoWvAsGgn+TnEHlshIIcm6Lb11WRUm674w==,"[""Kqj/rNTyNnCy2+rsjfdEp0hiuGeCOfMScZZhVIdog7U="",""LQPM1T9+WxYZ38CaDmQbGJlr+orbkGN6KJGKbvrWe08=""]","[""EcDHbDcGFvrAZuWvrdAHq/tYyG2lqB6Jtps6ZnhHDTY="",""JRBMZh5B6bowtlvSF/mZKi1sL0aUz0Vh2WTgCV+Jhi4=""]",JFrXiOECM7UWaXdguatalKW1lzJN9e3Wi/wuXA4Ha/0=,31
33,"2025-07-11 06:38:49.155000000","2025-07-11 06:38:49.155000000",,BVZOJRgtiTm7xyr3U9E729opuYCoSbXtdBgE3Rlj5gQggYbD17S4An77sHGbq+JeHmE98K9AF5Q1UURNrFmxTxqEJW+02LLIL701OCMT1ywX0DUmhihi9qMj9gqeRnY/KT9Xf29n/arKEBJojSC3Uc695YMEI5yRST0zmC8AAhcR6//+bZZnGURssxZtCBNt3yAC2UIUJ/XaX3B8BfxYfSCxdDF2VNrPFrKxa9iC1uqXjHmYPTe7jZ0r/uq0AlPSFSNqUw0jcCKeQ+c6olxKmauP6xG6pTpiPQaz8q2CzqshxRntgmU0fp+EIS5n5h1ghFiACHugcgS41kFIURlBtw==,"[""LQPM1T9+WxYZ38CaDmQbGJlr+orbkGN6KJGKbvrWe08="",""KJgsDXVS+Xh7NPIO4dHpDZBYuvDOzWK9iKRJe5pGABU=""]","[""JRBMZh5B6bowtlvSF/mZKi1sL0aUz0Vh2WTgCV+Jhi4="",""Iv6zqHZraDwvLoEuXhmUP8/hpOIbnAPfK5gGxk3vdg8=""]",J971PwQOF+AI2SnSwhVZFxVAJ46/wum91wCkCWD13vo=,32
34,"2025-07-11 06:40:11.235000000","2025-07-11 06:40:11.235000000",,Do1d0Tzx77pFIcCWXR2gES+gsccaiP14y4lIg0BhvHsEGDyGGzcbKYv0M1ZUppyXykSXVW0mcpl2hEWsgxZmkhFZwpB3cGQj9lU5R2hGJhpgJLk9RWZUg/oLDBARMxtnD1mM/2VQJb28D20l7yGxyQnZftvWUeRSQ7Gp6IkHvHMKRG0HdFqyXCtqGYLJCZipwjNUzBn0rPX39QiZZ6viJBbjhIepAkbMVV/AxieWbNf2stI3xm174E0lppiADKPjBJ8VlmsKlkQs/OXmLcc2jbvF3DByN4XhVPycbtFTesMKW2vlpQP8TIu3UPIo+z48zUnmBez8pNCSTz1CzQuXyA==,"[""KJgsDXVS+Xh7NPIO4dHpDZBYuvDOzWK9iKRJe5pGABU="",""FhIA/LcEV0sr4ZcfvPT96uusM/eXcCIsCKglSCDYS3I=""]","[""Iv6zqHZraDwvLoEuXhmUP8/hpOIbnAPfK5gGxk3vdg8="",""ENIcuJ9gh3AcNWaPGpguGzfGsEs/OEnr0upNjFCm/Vw=""]",CVlPMD4VCAD2zE1JbpEy6dzPH9uU34s0gKRNW3tOGIQ=,33
